{"loss": [360325.53125, 232385.0625, 173038.21875, 150464.125, 120914.15625, 109440.75, 114837.1328125, 104063.8984375, 79658.90625, 94440.0390625], "mean_absolute_error": [378.5208740234375, 312.4337463378906, 272.2528381347656, 256.8367004394531, 231.61102294921875, 215.29080200195312, 224.444580078125, 210.3942108154297, 195.36183166503906, 201.8420867919922], "val_loss": [316141.59375, 309826.09375, 240132.921875, 127747.953125, 130009.078125, 135383.640625, 181696.09375, 384459.5625, 115722.625, 156669.328125], "val_mean_absolute_error": [437.27215576171875, 429.8789978027344, 342.29974365234375, 239.84506225585938, 303.072998046875, 315.80889892578125, 370.66046142578125, 561.1237182617188, 277.2559509277344, 320.14471435546875]}