{"loss": [546662.8125, 540695.6875, 520954.5, 452854.34375, 339003.0, 300091.46875, 245389.65625, 249552.046875, 239458.109375, 214185.40625, 185466.921875, 168633.703125, 175014.828125, 131899.65625, 144390.3125, 151336.21875, 144906.59375, 153265.453125, 144069.9375, 122756.15625, 136460.625, 100771.4375, 97624.8515625, 127409.2109375, 103258.265625, 107421.75, 85588.78125, 103960.203125, 97652.9609375, 109226.4765625, 85548.828125, 84910.1796875, 102712.75, 92208.21875, 75421.453125, 84637.6328125, 65006.1875, 61459.5546875, 86010.2265625, 72288.2578125, 67534.9140625, 100538.109375, 55880.984375, 68066.7578125, 58311.5859375, 64027.53515625, 73420.2421875, 82645.84375, 55595.38671875, 59965.02734375, 53477.98828125, 70831.1484375, 60144.19140625, 50267.05859375, 53635.640625, 64425.578125, 54943.90625, 43974.74609375, 38124.55859375, 46555.9609375, 51535.0390625, 64419.16015625, 44950.83984375, 39918.3984375, 43933.984375, 47934.328125, 47210.6875, 50364.375, 45145.515625, 57633.09375, 53525.953125, 68640.9765625, 54579.875, 53102.2734375, 39753.03515625, 39029.81640625, 45051.06640625, 31817.583984375, 39120.33203125, 41143.44140625, 33744.22265625, 32526.033203125, 27330.345703125, 32640.830078125, 38162.765625, 29610.52734375, 33991.16015625, 29543.2265625, 39764.7734375, 28577.154296875, 41285.05859375, 41350.06640625, 40992.9765625, 36071.44140625, 28470.5390625, 26238.1484375, 42034.62109375, 27161.51171875, 29453.5703125, 38468.80078125], "mean_absolute_error": [540.71875, 536.2451782226562, 519.3901977539062, 460.236572265625, 377.0480651855469, 364.4267883300781, 336.4467468261719, 325.4002685546875, 317.3588562011719, 308.0367431640625, 279.9043273925781, 281.8172302246094, 271.6295166015625, 248.0274200439453, 248.53810119628906, 254.23077392578125, 264.6432189941406, 264.1160888671875, 264.0115661621094, 224.8902130126953, 251.48629760742188, 216.67845153808594, 223.96817016601562, 246.30918884277344, 226.75634765625, 226.9815673828125, 201.9350128173828, 213.4383544921875, 212.38417053222656, 221.4223175048828, 197.71853637695312, 197.56056213378906, 214.59622192382812, 211.84654235839844, 195.45040893554688, 204.03778076171875, 179.02093505859375, 179.9372100830078, 194.15684509277344, 189.46060180664062, 192.0830535888672, 205.2140655517578, 175.01815795898438, 185.24588012695312, 160.48426818847656, 181.55149841308594, 189.92169189453125, 184.0727996826172, 173.93222045898438, 178.07699584960938, 166.12828063964844, 174.2555389404297, 173.55239868164062, 159.27975463867188, 161.77886962890625, 167.17242431640625, 163.8124542236328, 146.69406127929688, 139.42335510253906, 159.68008422851562, 155.48031616210938, 175.5522918701172, 143.1184539794922, 138.23007202148438, 141.91903686523438, 152.60427856445312, 149.26962280273438, 152.48326110839844, 150.3102569580078, 158.7122039794922, 157.15472412109375, 170.4017791748047, 165.75625610351562, 153.5347900390625, 143.0928497314453, 141.01849365234375, 151.54788208007812, 127.75104522705078, 137.97695922851562, 143.0773162841797, 127.94778442382812, 126.97373962402344, 118.6840591430664, 125.63944244384766, 137.94076538085938, 130.62542724609375, 125.63488006591797, 127.48079681396484, 141.41993713378906, 120.29166412353516, 138.4767608642578, 133.3902130126953, 137.09609985351562, 125.8919906616211, 122.95730590820312, 117.4326400756836, 140.9072723388672, 117.79306030273438, 121.26416778564453, 138.3331756591797], "val_loss": [311965.53125, 306267.0, 281843.15625, 213386.609375, 153248.390625, 134117.265625, 163079.28125, 123105.2890625, 532068.9375, 229020.21875, 444322.34375, 650100.9375, 610989.6875, 429824.625, 452796.75, 771984.375, 746562.8125, 78012.6171875, 173017.90625, 82554.0390625, 145753.328125, 75512.0859375, 60892.60546875, 93813.734375, 75421.1328125, 821380.0625, 1073833.375, 132122.703125, 159701.328125, 59117.01171875, 102611.9375, 142094.609375, 127011.1796875, 255796.46875, 521415.96875, 91324.125, 68950.1484375, 71354.5078125, 246555.171875, 58831.6328125, 236265.46875, 128703.0859375, 200867.359375, 103727.8359375, 127387.046875, 159191.3125, 49772.78125, 808156.125, 193490.0625, 81410.3046875, 76265.6328125, 67437.1640625, 228937.421875, 76141.953125, 72156.75, 1660980.0, 118287.75, 48845.95703125, 61628.70703125, 106719.375, 76714.125, 89182.6640625, 44871.99609375, 221405.5625, 141118.953125, 77428.6640625, 101733.1171875, 51283.78125, 86861.453125, 784036.5625, 56619.93359375, 69671.8203125, 111411.140625, 83286.40625, 135268.65625, 119977.6484375, 44380.28125, 71265.171875, 72253.3828125, 61496.53125, 151441.59375, 155214.171875, 276735.8125, 301906.03125, 215447.078125, 51985.69921875, 78641.28125, 75534.6953125, 85509.4921875, 53043.23046875, 57248.328125, 567964.25, 144107.71875, 46487.703125, 83503.34375, 48966.40625, 1733703.375, 75242.3984375, 107750.6796875, 72565.5078125], "val_mean_absolute_error": [432.4681396484375, 425.8287353515625, 395.9775390625, 300.7846374511719, 239.60293579101562, 294.3736572265625, 312.5997314453125, 282.4331970214844, 674.4641723632812, 418.1272277832031, 588.4999389648438, 714.4639282226562, 666.3785400390625, 503.6858215332031, 488.7207336425781, 515.4859008789062, 551.062255859375, 189.84310913085938, 250.04905700683594, 194.54153442382812, 269.1405029296875, 193.43069458007812, 176.77069091796875, 198.0325164794922, 183.06007385253906, 481.7611999511719, 477.935302734375, 195.45021057128906, 269.3026123046875, 172.5472412109375, 194.8529510498047, 244.90771484375, 238.55140686035156, 272.6002197265625, 341.9164733886719, 210.42819213867188, 191.77090454101562, 201.23532104492188, 379.59161376953125, 178.7787628173828, 310.6893615722656, 208.2302703857422, 208.06906127929688, 245.7224884033203, 209.52447509765625, 288.86785888671875, 163.49429321289062, 526.9835205078125, 220.17239379882812, 205.94630432128906, 206.27920532226562, 169.81396484375, 261.81732177734375, 189.2744903564453, 167.18234252929688, 600.824462890625, 193.5484619140625, 154.082275390625, 170.42343139648438, 171.94862365722656, 176.6268310546875, 201.65524291992188, 145.93418884277344, 207.99832153320312, 211.90335083007812, 176.92025756835938, 164.65492248535156, 152.2845001220703, 215.59326171875, 389.82220458984375, 162.1668243408203, 187.87057495117188, 177.43191528320312, 176.13058471679688, 227.18496704101562, 250.96690368652344, 150.5590057373047, 175.99880981445312, 185.86534118652344, 162.42919921875, 217.35964965820312, 240.0379180908203, 261.6463317871094, 230.62020874023438, 222.76792907714844, 155.63771057128906, 172.78076171875, 194.2694854736328, 195.7157440185547, 160.92568969726562, 171.95028686523438, 288.4576721191406, 272.6960144042969, 154.25331115722656, 213.64035034179688, 146.1063232421875, 480.4208068847656, 161.76609802246094, 235.46612548828125, 198.84019470214844]}